customer_user,old_customer,phone_number,email
harumun,1,66608991803,harumun035@gmail.com
tan_pocket,0,66889022146,tan_pocket463@gmail.com
j_jxhn,0,66967199554,j_jxhn542@gmail.com
emmilyck,0,66653446305,emmilyck057@gmail.com
wichavadeesooksamur,0,66861083907,wichavadeesooksamur078@gmail.com
plawrite12345,0,66648761399,plawrite12345995@gmail.com
usagi_chaw,0,66842956792,usagi_chaw926@gmail.com
maceeron,0,66670726232,maceeron326@gmail.com
yuiyukon,0,66848922473,yuiyukon732@gmail.com
_qffy9av92,0,66878835550,_qffy9av92501@gmail.com
t_ongkoon,0,66618654122,t_ongkoon221@gmail.com
jarusw,0,66828658390,jarusw906@gmail.com
pollytanatchaporn,0,66802333557,pollytanatchaporn570@gmail.com
sudaporn654,0,66606038718,sudaporn654187@gmail.com
jakkawal21,0,66811590341,jakkawal21410@gmail.com
teantong72,0,66868680791,teantong72915@gmail.com
q5pufqjg5n,1,66863030916,q5pufqjg5n164@gmail.com
jeen69.,0,66633277538,jeen69.387@gmail.com
jeans.tonkra2828,0,66874848909,jeans.tonkra2828097@gmail.com
mhekub11,0,66622007998,mhekub11981@gmail.com
thip212522,0,66675981813,thip212522133@gmail.com
c4afhvvq3_,0,66866970015,c4afhvvq3_157@gmail.com
sannitboonyapat,0,66808807488,sannitboonyapat888@gmail.com
balljanenara,0,66646052316,balljanenara165@gmail.com
everythingchillchill,0,66691744955,everythingchillchill553@gmail.com
namfontitirat1990,0,66800866673,namfontitirat1990731@gmail.com
tongarsa,0,66935372859,tongarsa595@gmail.com
zamukun,0,66888542984,zamukun843@gmail.com
ming_kck,0,66674393194,ming_kck947@gmail.com
uthai_damang,1,66937334035,uthai_damang352@gmail.com
nuy_nomsod2529,0,66656499290,nuy_nomsod2529903@gmail.com
napawan_nan,0,66803436757,napawan_nan573@gmail.com
piinuz3,0,66630878229,piinuz3297@gmail.com
wilaa59,0,66897034444,wilaa59448@gmail.com
akaranatoom,0,66932706392,akaranatoom925@gmail.com
miaouratanaporn172525,0,66815817896,miaouratanaporn172525961@gmail.com
kanlayakunthong,0,66853583580,kanlayakunthong800@gmail.com
daveeiei,0,66688505767,daveeiei676@gmail.com
surachat64,0,66976642180,surachat64808@gmail.com
betakimm,0,66916872443,betakimm431@gmail.com
bowzsh,0,66898399985,bowzsh856@gmail.com
kritchaitonyjaruda,0,66647693551,kritchaitonyjaruda511@gmail.com
suppanitlee,0,66833032509,suppanitlee091@gmail.com
apukprayura,0,66954703585,apukprayura851@gmail.com
h01dz6czai,0,66823334361,h01dz6czai612@gmail.com
tuk_tuk15,0,66864583350,tuk_tuk15506@gmail.com
zan9lzw3i_,0,66999075219,zan9lzw3i_196@gmail.com
touch1104,0,66893706958,touch1104582@gmail.com
pitichon,0,66864641247,pitichon479@gmail.com
7tlv2pnwov,0,66699700553,7tlv2pnwov533@gmail.com
oilypinwattanachai,0,66892430618,oilypinwattanachai180@gmail.com
jellyfishykitty,0,66947305601,jellyfishykitty011@gmail.com
noizlllllll,0,66864217110,noizlllllll102@gmail.com
nopdentcmu,0,66924410243,nopdentcmu436@gmail.com
udonthepug,0,66911404524,udonthepug244@gmail.com
puiloveminamesa,0,66901741211,puiloveminamesa111@gmail.com
porntipkh,0,66836865445,porntipkh457@gmail.com
nuanpak,0,66861062935,nuanpak355@gmail.com
kan.ravee,0,66944197041,kan.ravee411@gmail.com
patcharaponrlim,0,66801584373,patcharaponrlim737@gmail.com
jutarat0807137394,0,66813911371,jutarat0807137394712@gmail.com
ntb44,0,66858150759,ntb44597@gmail.com
annpanudda1225,0,66892858340,annpanudda1225405@gmail.com
napatboonpakdee,0,66878225969,napatboonpakdee699@gmail.com
siriwan7897,0,66650540451,siriwan7897512@gmail.com
ladastudio,0,66927940774,ladastudio743@gmail.com
dalgome,0,66886269666,dalgome665@gmail.com
sews2vq8cd,0,66615057620,sews2vq8cd209@gmail.com
ploypailinscribe,0,66993999993,ploypailinscribe937@gmail.com
ahamadweawo1234,0,66843849595,ahamadweawo1234954@gmail.com
ningleksripa,0,66696941028,ningleksripa285@gmail.com
mom5224,0,66848835424,mom5224243@gmail.com
dawnyjaeko,0,66829063842,dawnyjaeko422@gmail.com
bewbizpyd,0,66971363561,bewbizpyd616@gmail.com
pattrawutpanmetharit,0,66841274140,pattrawutpanmetharit402@gmail.com
charger_shop,0,66624418032,charger_shop329@gmail.com
teerachaitaleap,0,66928024546,teerachaitaleap467@gmail.com
earthkittiphot,0,66886859306,earthkittiphot063@gmail.com
chatee0640341311,0,66802399760,chatee0640341311601@gmail.com
nevermind88,0,66869136514,nevermind88147@gmail.com
mr.1741,0,66952265418,mr.1741186@gmail.com
waritsanmontree,0,66847493685,waritsanmontree853@gmail.com
rakrattasongchuntuk,0,66804464915,rakrattasongchuntuk152@gmail.com
paphawarinintasaw,0,66851979182,paphawarinintasaw820@gmail.com
patcharaporn15,0,66632745981,patcharaporn15818@gmail.com
nicepanchapat,0,66879825674,nicepanchapat744@gmail.com
tawach8776,0,66666858757,tawach8776574@gmail.com
muaysaranya,0,66833429182,muaysaranya826@gmail.com
closertuktun,0,66804284978,closertuktun781@gmail.com
monta14,0,66846175707,monta14077@gmail.com
coco.bitch,0,66951094168,coco.bitch686@gmail.com
jattuphum9406,0,66617140294,jattuphum9406945@gmail.com
ruanthaiherb,0,66885412243,ruanthaiherb434@gmail.com
sukpiphat,0,66637121562,sukpiphat627@gmail.com
9maserati,0,66615053777,9maserati772@gmail.com
s.candle.official,0,66663024768,s.candle.official682@gmail.com
dear_ocharos,0,66640970479,dear_ocharos796@gmail.com
sirirat_nartudom,0,66822370781,sirirat_nartudom816@gmail.com
nuntapron.24,0,66848234303,nuntapron.24037@gmail.com
champnissan,1,66862056736,champnissan366@gmail.com
kin4430,0,66642051901,kin4430010@gmail.com
faiithanida,0,66955635003,faiithanida034@gmail.com
raviwan1995,0,66863267060,raviwan1995605@gmail.com
gdhsjdhdjdj,0,66821566651,gdhsjdhdjdj515@gmail.com
chaiwat_limnaktong,0,66969446740,chaiwat_limnaktong400@gmail.com
jjb_phatharaporn_28,0,66667265824,jjb_phatharaporn_28247@gmail.com
poope_kitty,0,66806290841,poope_kitty416@gmail.com
parichat44pa,0,66849602459,parichat44pa599@gmail.com
yokmanatwong,0,66829472502,yokmanatwong029@gmail.com
intananent,0,66988263675,intananent759@gmail.com
dadatiras,0,66831142494,dadatiras946@gmail.com
noonan892,0,66886000535,noonan892350@gmail.com
jittimau,0,66851069604,jittimau046@gmail.com
oudoud11,0,66805595175,oudoud11759@gmail.com
smurfstoyy,0,66962682710,smurfstoyy104@gmail.com
preamproud1205,0,66892323413,preamproud1205133@gmail.com
athapolpetpradubsakul,0,66946847780,athapolpetpradubsakul800@gmail.com
mae.praewpan,0,66937092466,mae.praewpan662@gmail.com
by_bmwlicq,0,66634055507,by_bmwlicq073@gmail.com
palmwuthikornwajarothai,0,66846920637,palmwuthikornwajarothai378@gmail.com
kanokkornsansuwan,0,66806617940,kanokkornsansuwan400@gmail.com
mcaelby2q3,0,66687326249,mcaelby2q3496@gmail.com
slowgrowgreen,0,66824371681,slowgrowgreen817@gmail.com
ch0mp00w,0,66868634666,ch0mp00w661@gmail.com
onumapunch1992,0,66628908761,onumapunch1992611@gmail.com
palmtannee,0,66958398594,palmtannee945@gmail.com
hhportykuntida,0,66805969123,hhportykuntida233@gmail.com
kamolkeerativachirakul,0,66953091521,kamolkeerativachirakul217@gmail.com